rufus.scrimgeour.devia@lamejor.com;00000000;user
septima.vector@lamejor.com;00000000;user
vernon.dursley.renard@lamejor.com;00000000;user
hkrowling@lamejor.com;00000000;user
voldemort.senoroscuros.elinnombrable@lamejor.com;00000000;user
fleur.delacour.diaz@lamejor.com;00000000;user
daphne.greengrass@lamejor;00000000;user
bellatrix.lestrange.beltran@lamejor.com;00000000;user
gilderoy.lockhart@lamejor.com;00000000;user
ernie.macmillan@lamejor;00000000;user
minerva.mcgonagall@lamejor.com;00000000;user
luna.lovegood.diaz@lamejor.com;00000000;user
dennis.creevey.nash@lamejor.com;00000000;user
eb@lamejor.cl;00000000;user
remus.lupin@lamejor.com;00000000;user
vincent.crabbe.piturra@lamejor.com;00000000;user
dudley.dursley.plaza@lamejor.com;00000000;user
voldemort.senoroscuros.elinnombrable@lamejor.com;00000000;user
firenze@lamejor.com;00000000;user
lee.jordan.marin@lamejor.com;00000000;user
harry.potter.badilla@lamejor.com;00000000;user
irma.pince@lamejor.com;00000000;user
remus.lupin.barrientos@lamejor.com;00000000;user
filius.flitwick@lamejor.com;00000000;user
seamus.finnigan.contreras@lamejor.com;00000000;user
viktor.krum.duran@lamejor.com;00000000;user
xenophilius.lovegood.gonzalez@lamejor.com;00000000;user
angelina.johnson.reyes@lamejor.com;00000000;user
arthur.weasley.diaz@lamejor.com;00000000;user
cuthbert.binns@lamejor.com;00000000;user
petunia.dursley.jeraldo@lamejor.com;00000000;user
blaise.zabini.pardo@lamejor.com;00000000;user
ginny.weasley.rojas@lamejor.com;00000000;user
james.potter.cortes@lamejor.com;00000000;user
marietta.edgecombe@lamejor;00000000;user
charity.burbage@lamejor.com;00000000;user
padma.patil.sandoval@lamejor.com;00000000;user
cornelius.fudge.avila@lamejor.com;00000000;user
quirinus.quirrell@lamejor.com;00000000;user
silvanus.kettleburn@lamejor.com;00000000;user
terry.boot.diaz@lamejor.com;00000000;user
poppy.pomfrey@lamejor.com;00000000;user
dolores.umbridge@lamejor.com;00000000;user
helga.hufflepuff.bozo@lamejor.com;00000000;user
sirius.black.esquivel@lamejor.com;00000000;user
argus.filch@lamejor.com;00000000;user
neville.longbottom.valenzuela@lamejor.com;00000000;user
hermione.granger.benavides@lamejor.com;00000000;user
cormac.mclaggen@lamejor;00000000;user
pansy.parkinson.larroucau@lamejor.com;00000000;user
colin.creevey.bermudez@lamejor.com;00000000;user
alastor.moody@lamejor.com;00000000;user
katie.bell.aguirre@lamejor.com;00000000;user
pomona.sprout@lamejor.com;00000000;user
lamas.bella.delmundo@lamejor.com;00000000;user
amycus.carrow@lamejor.com;00000000;user
parvati.patil.pardo@lamejor.com;00000000;user
lavender.brown@lamejor;00000000;user
theodore.nott.plaza@lamejor.com;00000000;user
dean.thomas.basaez@lamejor.com;00000000;user
kingsley.shacklebolt.perez@lamejor.com;00000000;user
alastor.moody.munita@lamejor.com;00000000;user
gregory.goyle.brochet@lamejor.com;00000000;user
wilhelmina.grubblyplank@lamejor.com;00000000;user
dolores.umbridge.baquerizo@lamejor.com;00000000;user
rolanda.hooch@lamejor.com;00000000;user
draco.malfoy.yanez@lamejor.com;00000000;user
percy.weasley.silva@lamejor.com;00000000;user
albus.dumbledore@lamejor.com;00000000;user
molly.weasley.robles@lamejor.com;00000000;user
anthony.goldstein.contreras@lamejor.com;00000000;user
cho.chang.gallo@lamejor.com;00000000;user
severus.snape@lamejor.com;00000000;user
sybill.trelawney@lamejor.com;00000000;user
lucius.malfoy.aguilera@lamejor.com;00000000;user
oliver.wood.fuentes@lamejor.com;00000000;user
horace.slughorn@lamejor.com;00000000;user
rowena.ravenclaw.vargas@lamejor.com;00000000;user
ron.weasley.irarrazabal@lamejor.com;00000000;user
lily.potter.aspillaga@lamejor.com;00000000;user
zacharias.smith@lamejor.com;00000000;user
alicia.spinnet.bascunan@lamejor.com;00000000;user
george.weasley.valdivia@lamejor.com;00000000;user
aurora.sinistra@lamejor.com;00000000;user
fred.weasley.marti@lamejor.com;00000000;user
alecto.carrow@lamejor.com;00000000;user
cedric.diggory.diaz@lamejor.com;00000000;user
godric.gryffindor.stippel@lamejor.com;00000000;user
michael.corner.vargas@lamejor.com;00000000;user
rubeus.hagrid@lamejor.com;00000000;user
salazar.slytherin.avila@lamejor.com;00000000;user
bathsheda.babbling@lamejor.com;00000000;user
narcissa.malfoy.ramirez@lamejor.com;00000000;user
bananer@lamejor.com;bananer0;admin