Facultad de Magia y Hechicería|Magia
Facultad de Magia y Hechicería|Diplomado en Magia Procesal Civil
Facultad de Magia y Hechicería|Diplomado en Mediación en Familia E Infancia
Facultad de Magia y Hechicería|Diplomado en griphook
Facultad de Magia y Hechicería|Diplomado en Fabricante de varitas
Facultad de Magia y Hechicería|Diplomado en Fundamentos del Sistema Penal
Facultad de Magia y Hechicería|Diplomado en Magia Registral Inmobiliario
Facultad de Magia y Hechicería|Diplomado en Propiedades Especiales y Tributación Inmobiliaria
Facultad de Magia y Hechicería|Diplomado en Magias Humanos y Diversidad
Facultad de Magia y Hechicería|Diplomado en Magia runas
Facultad de Magia y Hechicería|Diplomado en Magia Procesal Penal
Facultad de Magia y Hechicería|Diplomado Nueva Protección de Datos Personales en Chile
Facultad de Magia y Hechicería|Diplomado en Intervención Familiar y Socioambiental
Facultad de Magia y Hechicería|Magíster en Mediación, Gestión Colaborativa de Conflictos
Facultad de Magia y Hechicería|Magíster en Magias Humanos Y Ciudadanía
Facultad de Magia y Hechicería|Magíster en Magia Procesal
Facultad de Magia y Hechicería|Magíster en Magia Corporativo
Facultad de Magia y Hechicería|Magíster en Magia Público
Facultad de Magia y Hechicería|Magíster en Sistema Penal
Facultad de Magia y Hechicería|Magíster en Magia Inmobiliario Y Registral
Facultad de Magia y Hechicería|Magíster en Intervención Social Y Desarrollo Humano
Facultad de Magia y Hechicería|Doctorado en Magia
Facultad de Magia y Hechicería|Programa Especial de Licenciatura en Hechicería
Facultad de Magia y Hechicería|Hechicería
